Specialty_y,Status
Dentistry,71.875
Dermatology,73.07692307692307
Internal Medicine,76.81159420289855
Orthopedics,69.23076923076923
Pediatrics,100.0
